{
    "max_depth": 12,
    "learning_rate": 0.04634495970564556,
    "subsample": 0.6307765507024194,
    "colsample_bytree": 0.6787271687954318,
    "min_child_weight": 6
}